State,main,fAdd,fRemove,fSort,fUpper,fLower,fLength,fRefresh,fDiff_dates,fCollectData,fCompare,paramStart,paramEnd,id,comma,term,opAtrib,opAccess,tInt,tFloat,tString,tBool,tCommit,tUser,tRepository,tFile,tIssue,tPullRequest,tComment,tDate,tInts,tFloats,tStrings,tBools,tCommits,tUsers,tRepositories,tFiles,tIssues,tPullRequests,tComments,tDates,tVoid,prWrite,prRead,prWhile,prFor,in,prIf,prElse,escStart,escEnd,ExpC,opAritAd,opAritMul,opLogicAnd,opLogicOr,opRel1,opRel2,OpRel3,tLitInt,tLitFloat,tLitBool,tLitString,opConc,prReturn,$
0,,,,,,,,,,,,,,,,,,,s7,s8,s9,s10,s11,s12,s13,s14,s15,s16,s17,s18,s19,s20,s21,s22,s23,s24,s25,s26,s27,s28,s29,s30,s4,,,,,,,,,,,,,,,,,,,,,,,,
1,,,,,,,,,,,,,,,,,,,,,,,,,,,,,,,,,,,,,,,,,,,,,,,,,,,,,,,,,,,,,,,,,,,acc
2,s31,,,,,,,,,,,,,,,,,,,,,,,,,,,,,,,,,,,,,,,,,,,,,,,,,,,,,,,,,,,,,,,,,,
3,r59,,,,,,,,,,,,,,,,,,,,,,,,,,,,,,,,,,,,,,,,,,,,,,,,,,,,,,,,,,,,,,,,,,
4,r60,,,,,,,,,,,,,,,,,,,,,,,,,,,,,,,,,,,,,,,,,,,,,,,,,,,,,,,,,,,,,,,,,,
5,r33,,,,,,,,,,,,,r33,,,,,,,,,,,,,,,,,,,,,,,,,,,,,,,,,,,,,,,,,,,,,,,,,,,,,
6,r34,,,,,,,,,,,,,r34,,,,,,,,,,,,,,,,,,,,,,,,,,,,,,,,,,,,,,,,,,,,,,,,,,,,,
7,r35,,,,,,,,,,,,,r35,,,,,,,,,,,,,,,,,,,,,,,,,,,,,,,,,,,,,,,,,,,,,,,,,,,,,
8,r36,,,,,,,,,,,,,r36,,,,,,,,,,,,,,,,,,,,,,,,,,,,,,,,,,,,,,,,,,,,,,,,,,,,,
9,r37,,,,,,,,,,,,,r37,,,,,,,,,,,,,,,,,,,,,,,,,,,,,,,,,,,,,,,,,,,,,,,,,,,,,
10,r38,,,,,,,,,,,,,r38,,,,,,,,,,,,,,,,,,,,,,,,,,,,,,,,,,,,,,,,,,,,,,,,,,,,,
11,r39,,,,,,,,,,,,,r39,,,,,,,,,,,,,,,,,,,,,,,,,,,,,,,,,,,,,,,,,,,,,,,,,,,,,
12,r40,,,,,,,,,,,,,r40,,,,,,,,,,,,,,,,,,,,,,,,,,,,,,,,,,,,,,,,,,,,,,,,,,,,,
13,r41,,,,,,,,,,,,,r41,,,,,,,,,,,,,,,,,,,,,,,,,,,,,,,,,,,,,,,,,,,,,,,,,,,,,
14,r42,,,,,,,,,,,,,r42,,,,,,,,,,,,,,,,,,,,,,,,,,,,,,,,,,,,,,,,,,,,,,,,,,,,,
15,r43,,,,,,,,,,,,,r43,,,,,,,,,,,,,,,,,,,,,,,,,,,,,,,,,,,,,,,,,,,,,,,,,,,,,
16,r44,,,,,,,,,,,,,r44,,,,,,,,,,,,,,,,,,,,,,,,,,,,,,,,,,,,,,,,,,,,,,,,,,,,,
17,r45,,,,,,,,,,,,,r45,,,,,,,,,,,,,,,,,,,,,,,,,,,,,,,,,,,,,,,,,,,,,,,,,,,,,
18,r46,,,,,,,,,,,,,r46,,,,,,,,,,,,,,,,,,,,,,,,,,,,,,,,,,,,,,,,,,,,,,,,,,,,,
19,r47,,,,,,,,,,,,,r47,,,,,,,,,,,,,,,,,,,,,,,,,,,,,,,,,,,,,,,,,,,,,,,,,,,,,
20,r48,,,,,,,,,,,,,r48,,,,,,,,,,,,,,,,,,,,,,,,,,,,,,,,,,,,,,,,,,,,,,,,,,,,,
21,r49,,,,,,,,,,,,,r49,,,,,,,,,,,,,,,,,,,,,,,,,,,,,,,,,,,,,,,,,,,,,,,,,,,,,
22,r50,,,,,,,,,,,,,r50,,,,,,,,,,,,,,,,,,,,,,,,,,,,,,,,,,,,,,,,,,,,,,,,,,,,,
23,r51,,,,,,,,,,,,,r51,,,,,,,,,,,,,,,,,,,,,,,,,,,,,,,,,,,,,,,,,,,,,,,,,,,,,
24,r52,,,,,,,,,,,,,r52,,,,,,,,,,,,,,,,,,,,,,,,,,,,,,,,,,,,,,,,,,,,,,,,,,,,,
25,r53,,,,,,,,,,,,,r53,,,,,,,,,,,,,,,,,,,,,,,,,,,,,,,,,,,,,,,,,,,,,,,,,,,,,
26,r54,,,,,,,,,,,,,r54,,,,,,,,,,,,,,,,,,,,,,,,,,,,,,,,,,,,,,,,,,,,,,,,,,,,,
27,r55,,,,,,,,,,,,,r55,,,,,,,,,,,,,,,,,,,,,,,,,,,,,,,,,,,,,,,,,,,,,,,,,,,,,
28,r56,,,,,,,,,,,,,r56,,,,,,,,,,,,,,,,,,,,,,,,,,,,,,,,,,,,,,,,,,,,,,,,,,,,,
29,r57,,,,,,,,,,,,,r57,,,,,,,,,,,,,,,,,,,,,,,,,,,,,,,,,,,,,,,,,,,,,,,,,,,,,
30,r58,,,,,,,,,,,,,r58,,,,,,,,,,,,,,,,,,,,,,,,,,,,,,,,,,,,,,,,,,,,,,,,,,,,,
31,,,,,,,,,,,,s33,,,,,,,s7,s8,s9,s10,s11,s12,s13,s14,s15,s16,s17,s18,s19,s20,s21,s22,s23,s24,s25,s26,s27,s28,s29,s30,,,,,,,,,,,,,,,,,,,,,,,,,
32,,,,,,,,,,,,,,,,,,,,,,,,,,,,,,,,,,,,,,,,,,,,,,,,,,,s36,,,,,,,,,,,,,,,,
33,,,,,,,,,,,,s33,s38,,,,,,s7,s8,s9,s10,s11,s12,s13,s14,s15,s16,s17,s18,s19,s20,s21,s22,s23,s24,s25,s26,s27,s28,s29,s30,,,,,,,,,,,,,,,,,,,,,,,,,
34,,,,,,,,,,,,,,s39,,,,,,,,,,,,,,,,,,,,,,,,,,,,,,,,,,,,,,,,,,,,,,,,,,,,,
35,,,,,,,,,,,,,,,,,,,s7,s8,s9,s10,s11,s12,s13,s14,s15,s16,s17,s18,s19,s20,s21,s22,s23,s24,s25,s26,s27,s28,s29,s30,s4,,,,,,,,,,,,,,,,,,,,,,,,r1
36,s64,s65,s66,s67,s68,s69,s70,s71,s72,s73,s74,,,s49,,,,,s7,s8,s9,s10,s11,s12,s13,s14,s15,s16,s17,s18,s19,s20,s21,s22,s23,s24,s25,s26,s27,s28,s29,s30,,s50,s51,s52,s53,,s54,s55,,s47,,,,,,,,,s60,s61,,s62,,s59,
37,,,,,,,,,,,,,s75,,,,,,,,,,,,,,,,,,,,,,,,,,,,,,,,,,,,,,,,,,,,,,,,,,,,,,
38,,,,,,,,,,,,,r15,,,,,,,,,,,,,,,,,,,,,,,,,,,,,,,,,,,,,,r15,,,,,,,,,,,,,,,,
39,,,,,,,,,,,,,r16,,s77,,,,,,,,,,,,,,,,,,,,,,,,,,,,,,,,,,,,r16,,,,,,,,,,,,,,,,
40,,,,,,,,,,,,,,,,,,,,,,,,,,,,,,,,,,,,,,,,,,,,,,,,,,,,,,,,,,,,,,,,,,,r2
41,r70,r70,r70,r70,r70,r70,r70,r70,r70,r70,r70,,,r70,,,,,r70,r70,r70,r70,r70,r70,r70,r70,r70,r70,r70,r70,r70,r70,r70,r70,r70,r70,r70,r70,r70,r70,r70,r70,r70,r70,r70,r70,r70,,r70,r70,,r70,,,,,,,,,r70,r70,,r70,,r70,r70
42,s64,s65,s66,s67,s68,s69,s70,s71,s72,s73,s74,,,s49,,,,,s7,s8,s9,s10,s11,s12,s13,s14,s15,s16,s17,s18,s19,s20,s21,s22,s23,s24,s25,s26,s27,s28,s29,s30,,s50,s51,s52,s53,,s54,s55,,s47,,,,,,,,,s60,s61,,s62,,s59,
43,s64,s65,s66,s67,s68,s69,s70,s71,s72,s73,s74,,,s49,,,,,s7,s8,s9,s10,s11,s12,s13,s14,s15,s16,s17,s18,s19,s20,s21,s22,s23,s24,s25,s26,s27,s28,s29,s30,,s50,s51,s52,s53,,s54,s55,,s47,,,,,,,,,s60,s61,,s62,,s59,
44,s64,s65,s66,s67,s68,s69,s70,s71,s72,s73,s74,,,s49,,,,,s7,s8,s9,s10,s11,s12,s13,s14,s15,s16,s17,s18,s19,s20,s21,s22,s23,s24,s25,s26,s27,s28,s29,s30,,s50,s51,s52,s53,,s54,s55,,s47,,,,,,,,,s60,s61,,s62,,s59,
45,s64,s65,s66,s67,s68,s69,s70,s71,s72,s73,s74,,,s49,,,,,s7,s8,s9,s10,s11,s12,s13,s14,s15,s16,s17,s18,s19,s20,s21,s22,s23,s24,s25,s26,s27,s28,s29,s30,,s50,s51,s52,s53,,s54,s55,,s47,,,,,,,,,s60,s61,,s62,,s59,
46,,,,,,,,,,,,,,,,,,,,,,,,,,,,,,,,,,,,,,,,,,,,,,,,,,,,s82,,,,,,,,,,,,,,,
47,r76,r76,r76,r76,r76,r76,r76,r76,r76,r76,r76,,,r76,,,,,r76,r76,r76,r76,r76,r76,r76,r76,r76,r76,r76,r76,r76,r76,r76,r76,r76,r76,r76,r76,r76,r76,r76,r76,r76,r76,r76,r76,r76,,r76,r76,,r76,,,,,,,,,r76,r76,,r76,,r76,r76
48,,,,,,,,,,,,,,s83,,,,,,,,,,,,,,,,,,,,,,,,,,,,,,,,,,,,,,,,,,,,,,,,,,,,,
49,,,,,,,,,,,,,r30,,r30,r30,s84,s85,,,,,,,,,,,,,,,,,,,,,,,,,,,,,,,,,r30,,,r30,r30,,,r30,r30,r30,,,,,r30,,
50,s64,s65,s66,s67,s68,s69,s70,s71,s72,s73,s74,s87,,s93,,,,,,,,,,,,,,,,,,,,,,,,,,,,,,,,,,,,,,,,,,,,,,,s60,s61,s94,,,,
51,,,,,,,,,,,,s95,,,,,,,,,,,,,,,,,,,,,,,,,,,,,,,,,,,,,,,,,,,,,,,,,,,,,,,
52,s64,s65,s66,s67,s68,s69,s70,s71,s72,s73,s74,s97,,s93,,,,,,,,,,,,,,,,,,,,,,,,,,,,,,,,,,,,,,,,,,,,,,,s60,s61,s94,,,,
53,,,,,,,,,,,,,,s98,,,,,,,,,,,,,,,,,,,,,,,,,,,,,,,,,,,,,,,,,,,,,,,,,,,,,
54,s64,s65,s66,s67,s68,s69,s70,s71,s72,s73,s74,s97,,s93,,,,,,,,,,,,,,,,,,,,,,,,,,,,,,,,,,,,,,,,,,,,,,,s60,s61,s94,,,,
55,,,,,,,,,,,,,,,,,,,,,,,,,,,,,,,,,,,,,,,,,,,,,,,,,,,s36,,,,,,,,,,,,,,,,
56,,,,,,,,,,,,,,,,,,,,,,,,,,,,,,,,,,,,,,,,,,,,,,,,,,,,,,,,,,,,,,,,,s102,,
57,,,,,,,,,,,,,,,,,,,,,,,,,,,,,,,,,,,,,,,,,,,,,,,,,,,,,,,,,,,,,,,,,s102,,
58,,,,,,,,,,,,,,,,,,,,,,,,,,,,,,,,,,,,,,,,,,,,,,,,,,,,,,,,,,,,,,,,,s102,,
59,s64,s65,s66,s67,s68,s69,s70,s71,s72,s73,s74,s97,,s93,,,,,,,,,,,,,,,,,,,,,,,,,,,,,,,,,,,,,,,,,,,,,,,s60,s61,s94,,,,
60,,,,,,,,,,,,,r100,,r100,r100,,,,,,,,,,,,,,,,,,,,,,,,,,,,,,,,,,,r100,,,r100,r100,,,r100,r100,r100,,,,,r100,,
61,,,,,,,,,,,,,r101,,r101,r101,,,,,,,,,,,,,,,,,,,,,,,,,,,,,,,,,,,r101,,,r101,r101,,,r101,r101,r101,,,,,r101,,
62,,,,,,,,,,,,,r103,,r103,r103,,,,,,,,,,,,,,,,,,,,,,,,,,,,,,,,,,,,,,,,,,,,,,,,,r103,,
63,,,,,,,,,,,,s107,,,,,,,,,,,,,,,,,,,,,,,,,,,,,,,,,,,,,,,,,,,,,,,,,,,,,,,
64,,,,,,,,,,,,r3,,,,,,,,,,,,,,,,,,,,,,,,,,,,,,,,,,,,,,,,,,,,,,,,,,,,,,,
65,,,,,,,,,,,,r4,,,,,,,,,,,,,,,,,,,,,,,,,,,,,,,,,,,,,,,,,,,,,,,,,,,,,,,
66,,,,,,,,,,,,r5,,,,,,,,,,,,,,,,,,,,,,,,,,,,,,,,,,,,,,,,,,,,,,,,,,,,,,,
67,,,,,,,,,,,,r6,,,,,,,,,,,,,,,,,,,,,,,,,,,,,,,,,,,,,,,,,,,,,,,,,,,,,,,
68,,,,,,,,,,,,r7,,,,,,,,,,,,,,,,,,,,,,,,,,,,,,,,,,,,,,,,,,,,,,,,,,,,,,,
69,,,,,,,,,,,,r8,,,,,,,,,,,,,,,,,,,,,,,,,,,,,,,,,,,,,,,,,,,,,,,,,,,,,,,
70,,,,,,,,,,,,r9,,,,,,,,,,,,,,,,,,,,,,,,,,,,,,,,,,,,,,,,,,,,,,,,,,,,,,,
71,,,,,,,,,,,,r10,,,,,,,,,,,,,,,,,,,,,,,,,,,,,,,,,,,,,,,,,,,,,,,,,,,,,,,
72,,,,,,,,,,,,r11,,,,,,,,,,,,,,,,,,,,,,,,,,,,,,,,,,,,,,,,,,,,,,,,,,,,,,,
73,,,,,,,,,,,,r12,,,,,,,,,,,,,,,,,,,,,,,,,,,,,,,,,,,,,,,,,,,,,,,,,,,,,,,
74,,,,,,,,,,,,r13,,,,,,,,,,,,,,,,,,,,,,,,,,,,,,,,,,,,,,,,,,,,,,,,,,,,,,,
75,,,,,,,,,,,,,r14,,,,,,,,,,,,,,,,,,,,,,,,,,,,,,,,,,,,,,r14,,,,,,,,,,,,,,,,
76,,,,,,,,,,,,,r17,,,,,,,,,,,,,,,,,,,,,,,,,,,,,,,,,,,,,,r17,,,,,,,,,,,,,,,,
77,,,,,,,,,,,,s33,,,,,,,s7,s8,s9,s10,s11,s12,s13,s14,s15,s16,s17,s18,s19,s20,s21,s22,s23,s24,s25,s26,s27,s28,s29,s30,,,,,,,,,,,,,,,,,,,,,,,,,
78,r71,r71,r71,r71,r71,r71,r71,r71,r71,r71,r71,,,r71,,,,,r71,r71,r71,r71,r71,r71,r71,r71,r71,r71,r71,r71,r71,r71,r71,r71,r71,r71,r71,r71,r71,r71,r71,r71,r71,r71,r71,r71,r71,,r71,r71,,r71,,,,,,,,,r71,r71,,r71,,r71,r71
79,r72,r72,r72,r72,r72,r72,r72,r72,r72,r72,r72,,,r72,,,,,r72,r72,r72,r72,r72,r72,r72,r72,r72,r72,r72,r72,r72,r72,r72,r72,r72,r72,r72,r72,r72,r72,r72,r72,r72,r72,r72,r72,r72,,r72,r72,,r72,,,,,,,,,r72,r72,,r72,,r72,r72
80,r73,r73,r73,r73,r73,r73,r73,r73,r73,r73,r73,,,r73,,,,,r73,r73,r73,r73,r73,r73,r73,r73,r73,r73,r73,r73,r73,r73,r73,r73,r73,r73,r73,r73,r73,r73,r73,r73,r73,r73,r73,r73,r73,,r73,r73,,r73,,,,,,,,,r73,r73,,r73,,r73,r73
81,r74,r74,r74,r74,r74,r74,r74,r74,r74,r74,r74,,,r74,,,,,r74,r74,r74,r74,r74,r74,r74,r74,r74,r74,r74,r74,r74,r74,r74,r74,r74,r74,r74,r74,r74,r74,r74,r74,r74,r74,r74,r74,r74,,r74,r74,,r74,,,,,,,,,r74,r74,,r74,,r74,r74
82,r75,r75,r75,r75,r75,r75,r75,r75,r75,r75,r75,,,r75,,,,,r75,r75,r75,r75,r75,r75,r75,r75,r75,r75,r75,r75,r75,r75,r75,r75,r75,r75,r75,r75,r75,r75,r75,r75,r75,r75,r75,r75,r75,,r75,r75,,r75,,,,,,,,,r75,r75,,r75,,r75,r75
83,,,,,,,,,,,,,,,,s110,s111,s112,,,,,,,,,,,,,,,,,,,,,,,,,,,,,,,,,,,,,,,,,,,,,,,,,
84,s64,s65,s66,s67,s68,s69,s70,s71,s72,s73,s74,s97,,s93,,,,,,,,,,,,,,,,,,,,,,,,,,,,,,,,,,,,,,,,,,,,,,,s60,s61,s94,,,,
85,,,,,,,,,,,,,,s114,,,,,,,,,,,,,,,,,,,,,,,,,,,,,,,,,,,,,,,,,,,,,,,,,,,,,
86,,,,,,,,,,,,,,,,s115,,,,,,,,,,,,,,,,,,,,,,,,,,,,,,,,,,,,,,,,,,,,,,,,,,,
87,s64,s65,s66,s67,s68,s69,s70,s71,s72,s73,s74,s97,,s93,,,,,,,,,,,,,,,,,,,,,,,,,,,,,,,,,,,,,,,,,,,,,,,s60,s61,s94,s62,,,
88,,,,,,,,,,,,,r80,,,r80,,,,,,,,,,,,,,,,,,,,,,,,,,,,,,,,,,,r80,,,s121,s122,,,s123,s124,s125,,,,,,,
89,,,,,,,,,,,,,r81,,,r81,,,,,,,,,,,,,,,,,,,,,,,,,,,,,,,,,,,r81,,,,,s128,s129,,,,,,,,,,
90,,,,,,,,,,,,,r82,,,r82,,,,,,,,,,,,,,,,,,,,,,,,,,,,,,,,,,,r82,,,r82,r82,,,r82,r82,r82,,,,,,,
91,,,,,,,,,,,,,r83,,,r83,,,,,,,,,,,,,,,,,,,,,,,,,,,,,,,,,,,r83,,,r83,r83,,,r83,r83,r83,,,,,,,
92,,,,,,,,,,,,,r84,,,r84,,,,,,,,,,,,,,,,,,,,,,,,,,,,,,,,,,,r84,,,,,r84,r84,,,,,,,,,,
93,,,,,,,,,,,,,r30,,r30,r30,,s85,,,,,,,,,,,,,,,,,,,,,,,,,,,,,,,,,r30,,,r30,r30,,,r30,r30,r30,,,,,r30,,
94,,,,,,,,,,,,,r102,,r102,r102,,,,,,,,,,,,,,,,,,,,,,,,,,,,,,,,,,,r102,,,,,r102,r102,,,,,,,,,,
95,,,,,,,,,,,,,,s130,,,,,,,,,,,,,,,,,,,,,,,,,,,,,,,,,,,,,,,,,,,,,,,,,,,,,
96,,,,,,,,,,,,,,,,,,,,,,,,,,,,,,,,,,,,,,,,,,,,,,,,,,,s36,,,,,,,,,,,,,,,,
97,s64,s65,s66,s67,s68,s69,s70,s71,s72,s73,s74,s97,,s93,,,,,,,,,,,,,,,,,,,,,,,,,,,,,,,,,,,,,,,,,,,,,,,s60,s61,s94,,,,
98,,,,,,,,,,,,,,,,,,,,,,,,,,,,,,,,,,,,,,,,,,,,,,,,s132,,,,,,,,,,,,,,,,,,,
99,,,,,,,,,,,,,,,,,,,,,,,,,,,,,,,,,,,,,,,,,,,,,,,,,,,s36,,,,,,,,,,,,,,,,
100,r67,r67,r67,r67,r67,r67,r67,r67,r67,r67,r67,,,r67,,,,,r67,r67,r67,r67,r67,r67,r67,r67,r67,r67,r67,r67,r67,r67,r67,r67,r67,r67,r67,r67,r67,r67,r67,r67,,r67,r67,r67,r67,,r67,r67,,r67,,,,,,,,,r67,r67,,r67,,r67,
101,,,,,,,,,,,,,,,,s134,,,,,,,,,,,,,,,,,,,,,,,,,,,,,,,,,,,,,,,,,,,,,,,,,,,
102,s64,s65,s66,s67,s68,s69,s70,s71,s72,s73,s74,,,s93,,,,,,,,,,,,,,,,,,,,,,,,,,,,,,,,,,,,,,,,,,,,,,,s60,s61,s94,s62,,,
103,,,,,,,,,,,,,,,,s140,,,,,,,,,,,,,,,,,,,,,,,,,,,,,,,,,,,,,,,,,,,,,,,,,,,
104,,,,,,,,,,,,,,,,s141,,,,,,,,,,,,,,,,,,,,,,,,,,,,,,,,,,,,,,,,,,,,,,,,,,,
105,,,,,,,,,,,,,,,,s142,,,,,,,,,,,,,,,,,,,,,,,,,,,,,,,,,,,,,,,,,,,,,,,,,,,
106,,,,,,,,,,,,,r32,,r32,r32,,,,,,,,,,,,,,,,,,,,,,,,,,,,,,,,,,,r32,,,r32,r32,,,r32,r32,r32,,,,,r32,,
107,s64,s65,s66,s67,s68,s69,s70,s71,s72,s73,s74,,,s93,,,,,,,,,,,,,,,,,,,,,,,,,,,,,,,,,,,,,,,,,,,,,,,s60,s61,s94,s62,,,
108,,,,,,,,,,,,,r18,,,,,,,,,,,,,,,,,,,,,,,,,,,,,,,,,,,,,,r18,,,,,,,,,,,,,,,,
109,r21,r21,r21,r21,r21,r21,r21,r21,r21,r21,r21,,,r21,,,,,r21,r21,r21,r21,r21,r21,r21,r21,r21,r21,r21,r21,r21,r21,r21,r21,r21,r21,r21,r21,r21,r21,r21,r21,,r21,r21,r21,r21,,r21,r21,,r21,,,,,,,,,r21,r21,,r21,,r21,
110,r22,r22,r22,r22,r22,r22,r22,r22,r22,r22,r22,,,r22,,,,,r22,r22,r22,r22,r22,r22,r22,r22,r22,r22,r22,r22,r22,r22,r22,r22,r22,r22,r22,r22,r22,r22,r22,r22,,r22,r22,r22,r22,,r22,r22,,r22,,,,,,,,,r22,r22,,r22,,r22,
111,s64,s65,s66,s67,s68,s69,s70,s71,s72,s73,s74,,,s93,,,,,,,,,,,,,,,,,,,,,,,,,,,,,,,,,,,,,,,,,,,,,,,s60,s61,s94,s62,,,
112,s64,s65,s66,s67,s68,s69,s70,s71,s72,s73,s74,,,s93,,,,,,,,,,,,,,,,,,,,,,,,,,,,,,,,,,,,,,,,,,,,,,,,,,,,,
113,,,,,,,,,,,,,,,,s147,,,,,,,,,,,,,,,,,,,,,,,,,,,,,,,,,,,,,,,,,,,,,,,,,,,
114,,,,,,,,,,,,,r31,,r31,r31,,,,,,,,,,,,,,,,,,,,,,,,,,,,,,,,,,,r31,,,r31,r31,,,r31,r31,r31,,,,,r31,,
115,r61,r61,r61,r61,r61,r61,r61,r61,r61,r61,r61,,,r61,,,,,r61,r61,r61,r61,r61,r61,r61,r61,r61,r61,r61,r61,r61,r61,r61,r61,r61,r61,r61,r61,r61,r61,r61,r61,,r61,r61,r61,r61,,r61,r61,,r61,,,,,,,,,r61,r61,,r61,,r61,
116,,,,,,,,,,,,,s148,,,,,,,,,,,,,,,,,,,,,,,,,,,,,,,,,,,,,,,,,,,,,,,,,,,,,,
117,,,,,,,,,,,,,s149,,,,,,,,,,,,,,,,,,,,,,,,,,,,,,,,,,,,,,,,,,,,,,,,,,,,,,
118,,,,,,,,,,,,,r85,,,r85,,,,,,,,,,,,,,,,,,,,,,,,,,,,,,,,,,,r85,,,,,,,,,,,,,,,,
119,s64,s65,s66,s67,s68,s69,s70,s71,s72,s73,s74,,,s93,,,,,,,,,,,,,,,,,,,,,,,,,,,,,,,,,,,,,,,s152,,,,,,,,s60,s61,,,,,
120,s64,s65,s66,s67,s68,s69,s70,s71,s72,s73,s74,,,s93,,,,,,,,,,,,,,,,,,,,,,,,,,,,,,,,,,,,,,,s152,,,,,,,,s60,s61,,,,,
121,r93,r93,r93,r93,r93,r93,r93,r93,r93,r93,r93,,,r93,,,,,,,,,,,,,,,,,,,,,,,,,,,,,,,,,,,,,,,r93,,,,,,,,r93,r93,,,,,
122,r94,r94,r94,r94,r94,r94,r94,r94,r94,r94,r94,,,r94,,,,,,,,,,,,,,,,,,,,,,,,,,,,,,,,,,,,,,,r94,,,,,,,,r94,r94,,,,,
123,r97,r97,r97,r97,r97,r97,r97,r97,r97,r97,r97,,,r97,,,,,,,,,,,,,,,,,,,,,,,,,,,,,,,,,,,,,,,r97,,,,,,,,r97,r97,,,,,
124,r98,r98,r98,r98,r98,r98,r98,r98,r98,r98,r98,,,r98,,,,,,,,,,,,,,,,,,,,,,,,,,,,,,,,,,,,,,,r98,,,,,,,,r98,r98,,,,,
125,r99,r99,r99,r99,r99,r99,r99,r99,r99,r99,r99,,,r99,,,,,,,,,,,,,,,,,,,,,,,,,,,,,,,,,,,,,,,r99,,,,,,,,r99,r99,,,,,
126,,,,,,,,,,,,,r91,,,r91,,,,,,,,,,,,,,,,,,,,,,,,,,,,,,,,,,,r91,,,,,,,,,,,,,,,,
127,,,,,,,,,,,,,,,,,,,,,,,,,,,,,,,,,,,,,,,,,,,,,,,,,,,,,,,,,,,,,,,s94,,,,
128,,,,,,,,,,,,,,,,,,,,,,,,,,,,,,,,,,,,,,,,,,,,,,,,,,,,,,,,,,,,,,,r95,,,,
129,,,,,,,,,,,,,,,,,,,,,,,,,,,,,,,,,,,,,,,,,,,,,,,,,,,,,,,,,,,,,,,r96,,,,
130,,,,,,,,,,,,,s155,,,,,,,,,,,,,,,,,,,,,,,,,,,,,,,,,,,,,,,,,,,,,,,,,,,,,,
131,r64,r64,r64,r64,r64,r64,r64,r64,r64,r64,r64,,,r64,,,,,r64,r64,r64,r64,r64,r64,r64,r64,r64,r64,r64,r64,r64,r64,r64,r64,r64,r64,r64,r64,r64,r64,r64,r64,,r64,r64,r64,r64,,r64,r64,,r64,,,,,,,,,r64,r64,,r64,,r64,
132,,,,,,,,,,,,,,s156,,,,,,,,,,,,,,,,,,,,,,,,,,,,,,,,,,,,,,,,,,,,,,,,,,,,,
133,r66,r66,r66,r66,r66,r66,r66,r66,r66,r66,r66,,,r66,,,,,r66,r66,r66,r66,r66,r66,r66,r66,r66,r66,r66,r66,r66,r66,r66,r66,r66,r66,r66,r66,r66,r66,r66,r66,,r66,r66,r66,r66,,r66,r66,,r66,,,,,,,,,r66,r66,,r66,,r66,
134,r104,r104,r104,r104,r104,r104,r104,r104,r104,r104,r104,,,r104,,,,,r104,r104,r104,r104,r104,r104,r104,r104,r104,r104,r104,r104,r104,r104,r104,r104,r104,r104,r104,r104,r104,r104,r104,r104,,r104,r104,r104,r104,,r104,r104,,r104,,,,,,,,,r104,r104,,r104,,r104,
135,,,,,,,,,,,,,,,,r107,,,,,,,,,,,,,,,,,,,,,,,,,,,,,,,,,,,,,,,,,,,,,,,,,,,
136,,,,,,,,,,,,,r26,,r26,r26,,,,,,,,,,,,,,,,,,,,,,,,,,,,,,,,,,,,,,,,,,,,,,,,,,,
137,,,,,,,,,,,,,r27,,r27,r27,,,,,,,,,,,,,,,,,,,,,,,,,,,,,,,,,,,,,,,,,,,,,,,,,,,
138,,,,,,,,,,,,,r28,,r28,r28,,,,,,,,,,,,,,,,,,,,,,,,,,,,,,,,,,,,,,,,,,,,,,,,,,,
139,,,,,,,,,,,,,r29,,r29,r29,,,,,,,,,,,,,,,,,,,,,,,,,,,,,,,,,,,,,,,,,,,,,,,,,,,
140,r105,r105,r105,r105,r105,r105,r105,r105,r105,r105,r105,,,r105,,,,,r105,r105,r105,r105,r105,r105,r105,r105,r105,r105,r105,r105,r105,r105,r105,r105,r105,r105,r105,r105,r105,r105,r105,r105,,r105,r105,r105,r105,,r105,r105,,r105,,,,,,,,,r105,r105,,r105,,r105,
141,r106,r106,r106,r106,r106,r106,r106,r106,r106,r106,r106,,,r106,,,,,r106,r106,r106,r106,r106,r106,r106,r106,r106,r106,r106,r106,r106,r106,r106,r106,r106,r106,r106,r106,r106,r106,r106,r106,,r106,r106,r106,r106,,r106,r106,,r106,,,,,,,,,r106,r106,,r106,,r106,
142,,,,,,,,,,,,,,,,,,,,,,,,,,,,,,,,,,,,,,,,,,,,,,,,,,,,r108,,,,,,,,,,,,,,,
143,,,,,,,,,,,,,s157,,,,,,,,,,,,,,,,,,,,,,,,,,,,,,,,,,,,,,,,,,,,,,,,,,,,,,
144,,,,,,,,,,,,,r69,,s158,,,,,,,,,,,,,,,,,,,,,,,,,,,,,,,,,,,,,,,,,,,,,,,,,,,,
145,,,,,,,,,,,,,,,,s159,,,,,,,,,,,,,,,,,,,,,,,,,,,,,,,,,,,,,,,,,,,,,,,,,,,
146,,,,,,,,,,,,,,,,s160,,,,,,,,,,,,,,,,,,,,,,,,,,,,,,,,,,,,,,,,,,,,,,,,,,,
147,r25,r25,r25,r25,r25,r25,r25,r25,r25,r25,r25,,,r25,,,,,r25,r25,r25,r25,r25,r25,r25,r25,r25,r25,r25,r25,r25,r25,r25,r25,r25,r25,r25,r25,r25,r25,r25,r25,,r25,r25,r25,r25,,r25,r25,,r25,,,,,,,,,r25,r25,,r25,,r25,
148,,,,,,,,,,,,,,,,s161,,,,,,,,,,,,,,,,,,,,,,,,,,,,,,,,,,,,,,,,,,,,,,,,,,,
149,,,,,,,,,,,,,r78,,,r78,,,,,,,,,,,,,,,,,,,,,,,,,,,,,,,,,,,r78,,,s121,s122,s128,s129,s123,s124,s125,,,,,,,
150,,,,,,,,,,,,,r86,,,r86,,,,,,,,,,,,,,,,,,,,,,,,,,,,,,,,,,,r86,,,,,,,,,,,,,,,,
151,,,,,,,,,,,,,r88,,,r88,,,,,,,,,,,,,,,,,,,,,,,,,,,,,,,,,,,r88,,,s121,s122,,,s123,s124,s125,,,,,,,
152,,,,,,,,,,,,,,,,,,,,,,,,,,,,,,,,,,,,,,,,,,,,,,,,,,,,,,s121,s122,,,s123,s124,s125,,,,,,,
153,,,,,,,,,,,,,r87,,,r87,,,,,,,,,,,,,,,,,,,,,,,,,,,,,,,,,,,r87,,,,,,,,,,,,,,,,
154,,,,,,,,,,,,,r92,,,r92,,,,,,,,,,,,,,,,,,,,,,,,,,,,,,,,,,,r92,,,,,,,,,,,,,,,,
155,,,,,,,,,,,,,,,,s166,,,,,,,,,,,,,,,,,,,,,,,,,,,,,,,,,,,,,,,,,,,,,,,,,,,
156,,,,,,,,,,,,,,,,,,,,,,,,,,,,,,,,,,,,,,,,,,,,,,,,,,,s36,,,,,,,,,,,,,,,,
157,,,,,,,,,,,,,r19,,r19,r19,,,,,,,,,,,,,,,,,,,,,,,,,,,,,,,,,,,r19,,,r19,r19,,,r19,r19,r19,,,,,r19,,
158,s64,s65,s66,s67,s68,s69,s70,s71,s72,s73,s74,,,s93,,,,,,,,,,,,,,,,,,,,,,,,,,,,,,,,,,,,,,,,,,,,,,,s60,s61,s94,s62,,,
159,r23,r23,r23,r23,r23,r23,r23,r23,r23,r23,r23,,,r23,,,,,r23,r23,r23,r23,r23,r23,r23,r23,r23,r23,r23,r23,r23,r23,r23,r23,r23,r23,r23,r23,r23,r23,r23,r23,,r23,r23,r23,r23,,r23,r23,,r23,,,,,,,,,r23,r23,,r23,,r23,
160,r24,r24,r24,r24,r24,r24,r24,r24,r24,r24,r24,,,r24,,,,,r24,r24,r24,r24,r24,r24,r24,r24,r24,r24,r24,r24,r24,r24,r24,r24,r24,r24,r24,r24,r24,r24,r24,r24,,r24,r24,r24,r24,,r24,r24,,r24,,,,,,,,,r24,r24,,r24,,r24,
161,r62,r62,r62,r62,r62,r62,r62,r62,r62,r62,r62,,,r62,,,,,r62,r62,r62,r62,r62,r62,r62,r62,r62,r62,r62,r62,r62,r62,r62,r62,r62,r62,r62,r62,r62,r62,r62,r62,,r62,r62,r62,r62,,r62,r62,,r62,,,,,,,,,r62,r62,,r62,,r62,
162,,,,,,,,,,,,,r77,,,r77,,,,,,,,,,,,,,,,,,,,,,,,,,,,,,,,,,,r77,,,,,,,,,,,,,,,,
163,,,,,,,,,,,,,r79,,,r79,,,,,,,,,,,,,,,,,,,,,,,,,,,,,,,,,,,r79,,,,,,,,,,,,,,,,
164,,,,,,,,,,,,,r89,,,r89,,,,,,,,,,,,,,,,,,,,,,,,,,,,,,,,,,,r89,,,,,,,,,,,,,,,,
165,,,,,,,,,,,,,r90,,,r90,,,,,,,,,,,,,,,,,,,,,,,,,,,,,,,,,,,r90,,,,,,,,,,,,,,,,
166,r63,r63,r63,r63,r63,r63,r63,r63,r63,r63,r63,,,r63,,,,,r63,r63,r63,r63,r63,r63,r63,r63,r63,r63,r63,r63,r63,r63,r63,r63,r63,r63,r63,r63,r63,r63,r63,r63,,r63,r63,r63,r63,,r63,r63,,r63,,,,,,,,,r63,r63,,r63,,r63,
167,r65,r65,r65,r65,r65,r65,r65,r65,r65,r65,r65,,,r65,,,,,r65,r65,r65,r65,r65,r65,r65,r65,r65,r65,r65,r65,r65,r65,r65,r65,r65,r65,r65,r65,r65,r65,r65,r65,,r65,r65,r65,r65,,r65,r65,,r65,,,,,,,,,r65,r65,,r65,,r65,
168,,,,,,,,,,,,,r68,,,,,,,,,,,,,,,,,,,,,,,,,,,,,,,,,,,,,,,,,,,,,,,,,,,,,,