C,P,Params,ParamDeclListCont,VarDecl,Consts,Var,FuncAccess,FuncCall,FuncName,Type,VariableTypes,ListTypes,Command,ListIds,Body,BodyPart,Expression,ExpressionOr,ExpressionAnd,ExpressionRel,ExpressionAdd,ExpressionMult,ExpressionNeg,ExpressionEnd,NumConst,LogConst,StringConst
,1,,,2,45,46,51,,56,5,12,13,4,,,,3,6,14,39,40,41,42,43,47,48,49
,,,,,,,,,,,,,,,,,,,,,,,,,,,
,,,,68,45,46,51,,56,5,12,13,70,,,67,69,6,14,39,40,41,42,43,47,48,49
,,,,,,,,,,,,,,,,,,,,,,,,,,,
,,,,68,45,46,51,,56,5,12,13,70,,,74,69,6,14,39,40,41,42,43,47,48,49
,,,,,,,,,,,,,,,,,,,,,,,,,,,
,,,,,,,,,,,,,,,,,,,,,,,,,,,
,,,,,45,46,51,,56,,,,,,,,77,6,14,39,40,41,42,43,47,48,49
,,,,,45,46,51,,56,,,,,,,,78,6,14,39,40,41,42,43,47,48,49
,,,,,,,,,,,,,,,,,,,,,,,,,,,
,,,,,45,46,51,,56,,,,,,,,80,6,14,39,40,41,42,43,47,48,49
,,,,,,,,,,,,,,,81,,,,,,,,,,,,
,,,,,,,,,,,,,,,,,,,,,,,,,,,
,,,,,,,,,,,,,,,,,,,,,,,,,,,
,,,,,,,,,,,,,,,,,,,,,,,,,,,
,,,,,,,,,,,,,,,,,,,,,,,,,,,
,,,,,,,,,,,,,,,,,,,,,,,,,,,
,,,,,,,,,,,,,,,,,,,,,,,,,,,
,,,,,,,,,,,,,,,,,,,,,,,,,,,
,,,,,,,,,,,,,,,,,,,,,,,,,,,
,,,,,,,,,,,,,,,,,,,,,,,,,,,
,,,,,,,,,,,,,,,,,,,,,,,,,,,
,,,,,,,,,,,,,,,,,,,,,,,,,,,
,,,,,,,,,,,,,,,,,,,,,,,,,,,
,,,,,,,,,,,,,,,,,,,,,,,,,,,
,,,,,,,,,,,,,,,,,,,,,,,,,,,
,,,,,,,,,,,,,,,,,,,,,,,,,,,
,,,,,,,,,,,,,,,,,,,,,,,,,,,
,,,,,,,,,,,,,,,,,,,,,,,,,,,
,,,,,,,,,,,,,,,,,,,,,,,,,,,
,,,,,,,,,,,,,,,,,,,,,,,,,,,
,,,,,,,,,,,,,,,,,,,,,,,,,,,
,,,,,,,,,,,,,,,,,,,,,,,,,,,
,,,,,,,,,,,,,,,,,,,,,,,,,,,
,,,,,,,,,,,,,,,,,,,,,,,,,,,
,,,,,,,,,,,,,,,,,,,,,,,,,,,
,,,,,,,,,,,,,,,,,,,,,,,,,,,
,,,,,,,,,,,,,,,,,,,,,,,,,,,
,,,,,,,,,,,,,,,,,,,,,,,,,,,
,,,,,,,,,,,,,,,,,,,,,,,,,,,
,,,,,,,,,,,,,,,,,,,,,,,,,,,
,,,,,,,,,,,,,,,,,,,,,,,,,,,
,,,,,,,,,,,,,,,,,,,,,,,,,,,
,,,,,,,,,,,,,,,,,,,,,,,,,,,
,,,,,45,46,51,,56,,,,,,,,90,6,14,39,40,41,42,43,47,48,49
,,,,,,,,,,,,,,,,,,,,,,,,,,,
,,,,,,,,,,,,,,,,,,,,,,,,,,,
,,,,,,,,,,,,,,,,,,,,,,,,,,,
,,,,,,,,,,,,,,,,,,,,,,,,,,,
,,,,,,,,,,,,,,,,,,,,,,,,,,,
,,,,,,,,,,,,,,,,,,,,,,,,,,,
,,,,,,,,,,,,,,,,,,,,,,,,,,,
,,,,,,,,,,,,,,,,,,,,,,,,,,,
,,,,,,,,,,,,,,,,,,,,,,,,,,,
,,,,,,,,,,,,,,,,,,,,,,,,,,,
,,,,,,,,,,,,,,,,,,,,,,,,,,,
,,,,,,,,93,,,,,,,,,,,,,,,,,,,
,,,,,,,,,,,,,,,,,,,,,,,,,,,
,,,,,,,,,,,,,,,,,,,,,,,,,,,
,,,,,,,,,,,,,,,,,,,,,,,,,,,
,,,,,,,,,,,,,,,,,,,,,,,,,,,
,,,,,,,,,,,,,,,,,,,,,,,,,,,
,,,,,,,,,,,,,,,,,,,,,,,,,,,
,,,,,,,,,,,,,,,,,,,,,,,,,,,
,,,,,,,,,,,,,,,,,,,,,,,,,,,
,,,,,,,,,,,,,,,,,,,,,,,,,,,
,,,,,,,,,,,,,,,,,,,,,,,,,,,
,,,,,,,,,,,,,,,,,,,,,,,,,,,
,,,,68,45,46,51,,56,5,12,13,70,,,95,69,6,14,39,40,41,42,43,47,48,49
,,,,,,,,,,,,,,,,,,,,,,,,,,,
,,,,68,45,46,51,,56,5,12,13,70,,,97,69,6,14,39,40,41,42,43,47,48,49
,,,,68,45,46,51,,56,5,12,13,70,,,98,69,6,14,39,40,41,42,43,47,48,49
,,,,,45,46,51,,56,,,,,,,,,99,14,39,40,41,42,43,47,48,49
,,,,,45,46,51,,56,,,,,,,,,100,14,39,40,41,42,43,47,48,49
,,,,,,,,,,,,,,,,,,,,,,,,,,,
,,,,,,,,,,,,,,,,,,,,,,,,,,,
,,,,,45,46,51,,56,,,,,,,,,,104,39,40,41,42,43,47,48,49
,,,,,,,,,,,,,,,,,,,,,,,,,,,
,,,,,,,,,,,,,,,106,,,,,,,,,,,,
,,,,,,,,,,107,12,13,,,,,,,,,,,,,,,
,,,,,,,,,,,,,,,108,,,,,,,,,,,,
,,,,,,,,,,,,,,,,,,,,,,,,,,,
,,,,68,45,46,51,,56,5,12,13,70,,,109,69,6,14,39,40,41,42,43,47,48,49
,,,,,45,46,51,,56,,,,,,,,,,,110,40,41,42,43,47,48,49
,,,,,45,46,51,,56,,,,,,,,,,,,111,41,42,43,47,48,49
,,,,,45,46,51,,56,,,,,,,,,,,,112,41,42,43,47,48,49
,,,,,45,46,51,,56,,,,,,,,,,,,113,41,42,43,47,48,49
,,,,,45,46,51,,56,,,,,,,,,,,,,114,42,43,47,48,49
,,,,,45,46,51,,56,,,,,,,,,,,,,,115,43,47,48,49
,,,,,45,46,51,,56,,,,,,,,,,,,,,,116,47,48,49
,,,,,,,,,,,,,,,,,,,,,,,,,,,
,,,,,,,,,,,,,,,,,,,,,,,,,,,119
,,,,,,,,,,,,,,,,,,,,,,,,,,,
,,,,,,,,,,,,,,,,,,,,,,,,,,,
,,,,,122,123,51,,56,,,,,121,,,,,,,,,,,47,48,49
,,,,,,,,,,,,,,,,,,,,,,,,,,,
,,,,68,45,46,51,,56,5,12,13,70,,,124,69,6,14,39,40,41,42,43,47,48,49
,,,,,,,,,,,,,,,,,,,,,,,,,,,
,,,,,,,,,,,,,,,,,,,,,,,,,,,
,,,,,,,,,,,,,,,,,,,,,,,,,,,
,,,,,,,,,,,,,,,,,,,,,,,,,,,
,,,,,45,46,51,,56,,,,,,,,125,6,14,39,40,41,42,43,47,48,49
,,,,,45,46,51,,56,,,,,,,,126,6,14,39,40,41,42,43,47,48,49
,,,,,,,,,,,,,,,,,,,,,,,,,,,
,,,,,,,,,,,,,,,,,,,,,,,,,,,
,,,,,,,,,,,,,,,,,,,,,,,,,,,
,,,,,,,,,,,,,,,,,,,,,,,,,,,
,,,,,,,,,,,,,,,,,,,,,,,,,,,
,,,,,,,,,,,,,,,,,,,,,,,,,,,
,,,,,,,,,,,,,,,,,,,,,,,,,,,
,,,,,,,,,,,,,,,,,,,,,,,,,,,
,,,,,,,,,,,,,,,,,,,,,,,,,,,
,,,,,,,,,,,,,,,,,,,,,,,,,,,
,,,,,,,,,,,,,,,,,,,,,,,,,,,
,,,,,,,,,,,,,,,,,,,,,,,,,,,
,,,,,,,,,,,,,,,,,,,,,,,,,,,
,,,,,,,,,,,,,,,,,,,,,,,,,,,
,,,,,,,,,,,,,,,,,,,,,,,,,,,
,,,,,,,,,,,,,,,,,,,,,,,,,,,
,,,,,,,,,,,,,,,,,,,,,,,,,,,
,,,,,,,,,,,,,,,,,,,,,,,,,,,
,,,,,,,,,,,,,,,,,,,,,,,,,,,
,,,,,,,,,,,,,,,,,,,,,,,,,,,
,,,,,,,,,,,,,,,,,,,,,,,,,,,
,,,,,,,,,,,,,,,,,,,,,,,,,,,
,,,,,,,,,,,,,,,,,,,,,,,,,,,
,,,,,,,,,,,,,,,,,,,,,,,,,,,
,,,,,,,,,,,,,,,,,,,,,,,,,,,
,,,,,,,,,,,,,,,,,,,,,,,,,,,
,,,,,,,,,,,,,,,,,,,,,,,,,,,
,,,,,134,,,,,,,,,,,,,,,,,,,,47,48,49
,,,,,,,,,,,,,,,,,,,,,,,,,,,
,,,,,,,,,,,,,,,,,,,,,,,,,,,
,,,,,,,,,,,,,,,,,,,,,,,,,,,
,,,,,,,,,,,,,,,,,,,,,,,,,,,
,,,,,,,,,,,,,,,,,,,,,,,,,,,
,,,,,,,,,,,,,,,137,,,,,,,,,,,,